[
{
    "model": "dynamic_scraper.scrapedobjclass",
    "pk": 1,
    "fields": {
        "name": "Article",
        "scraper_scheduler_conf": "\"MIN_TIME\": 15,\r\n\"MAX_TIME\": 10080,\r\n\"INITIAL_NEXT_ACTION_FACTOR\": 10,\r\n\"ZERO_ACTIONS_FACTOR_CHANGE\": 20,\r\n\"FACTOR_CHANGE_FACTOR\": 1.3,\r\n",
        "checker_scheduler_conf": "\"MIN_TIME\": 1440,\r\n\"MAX_TIME\": 10080,\r\n\"INITIAL_NEXT_ACTION_FACTOR\": 1,\r\n\"ZERO_ACTIONS_FACTOR_CHANGE\": 5,\r\n\"FACTOR_CHANGE_FACTOR\": 1.3,\r\n",
        "comments": ""
    }
},
{
    "model": "dynamic_scraper.scrapedobjattr",
    "pk": 1,
    "fields": {
        "name": "base",
        "order": 10,
        "obj_class": 1,
        "attr_type": "B",
        "id_field": false,
        "save_to_db": true
    }
},
{
    "model": "dynamic_scraper.scrapedobjattr",
    "pk": 2,
    "fields": {
        "name": "description",
        "order": 40,
        "obj_class": 1,
        "attr_type": "S",
        "id_field": false,
        "save_to_db": true
    }
},
{
    "model": "dynamic_scraper.scrapedobjattr",
    "pk": 3,
    "fields": {
        "name": "title",
        "order": 20,
        "obj_class": 1,
        "attr_type": "S",
        "id_field": false,
        "save_to_db": true
    }
},
{
    "model": "dynamic_scraper.scrapedobjattr",
    "pk": 4,
    "fields": {
        "name": "url",
        "order": 30,
        "obj_class": 1,
        "attr_type": "U",
        "id_field": true,
        "save_to_db": true
    }
},
{
    "model": "dynamic_scraper.scrapedobjattr",
    "pk": 5,
    "fields": {
        "name": "thumbnail",
        "order": 50,
        "obj_class": 1,
        "attr_type": "I",
        "id_field": false,
        "save_to_db": true
    }
},
{
    "model": "dynamic_scraper.scraper",
    "pk": 1,
    "fields": {
        "name": "Wikinews Scraper",
        "scraped_obj_class": 1,
        "status": "A",
        "work_status": "N",
        "owner": "",
        "max_items_read": null,
        "max_items_save": null,
        "pagination_type": "N",
        "pagination_on_start": false,
        "pagination_append_str": "",
        "pagination_page_replace": "",
        "follow_pages_url_xpath": "",
        "follow_pages_page_xpath": "",
        "num_pages_follow": null,
        "last_scraper_save_alert_period": "1w",
        "next_last_scraper_save_alert": "2017-04-27T06:04:08",
        "last_checker_delete_alert_period": "1d",
        "next_last_checker_delete_alert": "2017-04-21T05:59:48",
        "comments": "",
        "last_scraper_save": "2017-06-29T05:46:50.573",
        "last_checker_delete": "2017-03-28T04:00:58.232"
    }
},
{
    "model": "dynamic_scraper.scraper",
    "pk": 2,
    "fields": {
        "name": "US Department of Justice - Press Release Scraper",
        "scraped_obj_class": 1,
        "status": "A",
        "work_status": "N",
        "owner": "",
        "max_items_read": 10,
        "max_items_save": null,
        "pagination_type": "R",
        "pagination_on_start": true,
        "pagination_append_str": "&page={page}",
        "pagination_page_replace": "0, 2",
        "follow_pages_url_xpath": "",
        "follow_pages_page_xpath": "",
        "num_pages_follow": null,
        "last_scraper_save_alert_period": "1d",
        "next_last_scraper_save_alert": "2017-04-21T06:04:08",
        "last_checker_delete_alert_period": "1w",
        "next_last_checker_delete_alert": "2017-04-27T05:59:48",
        "comments": "",
        "last_scraper_save": "2017-05-09T07:26:33.860",
        "last_checker_delete": null
    }
},
{
    "model": "dynamic_scraper.requestpagetype",
    "pk": 1,
    "fields": {
        "page_type": "MP",
        "scraped_obj_attr": null,
        "scraper": 2,
        "content_type": "J",
        "render_javascript": false,
        "request_type": "R",
        "method": "GET",
        "headers": "",
        "body": "",
        "cookies": "",
        "meta": "",
        "form_data": "",
        "dont_filter": false,
        "comments": ""
    }
},
{
    "model": "dynamic_scraper.requestpagetype",
    "pk": 2,
    "fields": {
        "page_type": "DP1",
        "scraped_obj_attr": 4,
        "scraper": 2,
        "content_type": "H",
        "render_javascript": false,
        "request_type": "R",
        "method": "GET",
        "headers": "",
        "body": "",
        "cookies": "",
        "meta": "",
        "form_data": "",
        "dont_filter": false,
        "comments": ""
    }
},
{
    "model": "dynamic_scraper.requestpagetype",
    "pk": 3,
    "fields": {
        "page_type": "MP",
        "scraped_obj_attr": null,
        "scraper": 1,
        "content_type": "H",
        "render_javascript": false,
        "request_type": "R",
        "method": "GET",
        "headers": "",
        "body": "",
        "cookies": "",
        "meta": "",
        "form_data": "",
        "dont_filter": false,
        "comments": ""
    }
},
{
    "model": "dynamic_scraper.requestpagetype",
    "pk": 4,
    "fields": {
        "page_type": "DP1",
        "scraped_obj_attr": 4,
        "scraper": 1,
        "content_type": "H",
        "render_javascript": false,
        "request_type": "R",
        "method": "GET",
        "headers": "",
        "body": "",
        "cookies": "",
        "meta": "",
        "form_data": "",
        "dont_filter": false,
        "comments": ""
    }
},
{
    "model": "dynamic_scraper.checker",
    "pk": 1,
    "fields": {
        "scraped_obj_attr": 4,
        "scraper": 1,
        "checker_type": "4",
        "checker_x_path": "",
        "checker_x_path_result": "",
        "checker_ref_url": "http://en.wikinews.org/wiki/This_wiki_article_doesnt_exist",
        "comments": ""
    }
},
{
    "model": "dynamic_scraper.scraperelem",
    "pk": 1,
    "fields": {
        "scraped_obj_attr": 1,
        "scraper": 1,
        "x_path": "//td[@class=\"l_box\"]",
        "reg_exp": "",
        "request_page_type": "MP",
        "use_default_procs": true,
        "processors": "",
        "proc_ctxt": "",
        "mandatory": true
    }
},
{
    "model": "dynamic_scraper.scraperelem",
    "pk": 2,
    "fields": {
        "scraped_obj_attr": 3,
        "scraper": 1,
        "x_path": "//h1[@id=\"firstHeading\"]/text()",
        "reg_exp": "",
        "request_page_type": "DP1",
        "use_default_procs": true,
        "processors": "",
        "proc_ctxt": "",
        "mandatory": true
    }
},
{
    "model": "dynamic_scraper.scraperelem",
    "pk": 3,
    "fields": {
        "scraped_obj_attr": 2,
        "scraper": 1,
        "x_path": "p/span[@class=\"l_summary\"]/text()",
        "reg_exp": "",
        "request_page_type": "MP",
        "use_default_procs": true,
        "processors": "",
        "proc_ctxt": "",
        "mandatory": true
    }
},
{
    "model": "dynamic_scraper.scraperelem",
    "pk": 4,
    "fields": {
        "scraped_obj_attr": 4,
        "scraper": 1,
        "x_path": "span[@class=\"l_title\"]/a/@href",
        "reg_exp": "",
        "request_page_type": "MP",
        "use_default_procs": true,
        "processors": "pre_url",
        "proc_ctxt": "'pre_url': 'http://en.wikinews.org'",
        "mandatory": true
    }
},
{
    "model": "dynamic_scraper.scraperelem",
    "pk": 5,
    "fields": {
        "scraped_obj_attr": 5,
        "scraper": 1,
        "x_path": "div[@class=\"l_image\"]/a/img/@src",
        "reg_exp": "",
        "request_page_type": "MP",
        "use_default_procs": true,
        "processors": "pre_url",
        "proc_ctxt": "'pre_url': 'https:'",
        "mandatory": true
    }
},
{
    "model": "dynamic_scraper.scraperelem",
    "pk": 6,
    "fields": {
        "scraped_obj_attr": 1,
        "scraper": 2,
        "x_path": "results",
        "reg_exp": "",
        "request_page_type": "MP",
        "use_default_procs": true,
        "processors": "",
        "proc_ctxt": "",
        "mandatory": true
    }
},
{
    "model": "dynamic_scraper.scraperelem",
    "pk": 7,
    "fields": {
        "scraped_obj_attr": 2,
        "scraper": 2,
        "x_path": "body",
        "reg_exp": "",
        "request_page_type": "MP",
        "use_default_procs": true,
        "processors": "",
        "proc_ctxt": "",
        "mandatory": true
    }
},
{
    "model": "dynamic_scraper.scraperelem",
    "pk": 8,
    "fields": {
        "scraped_obj_attr": 3,
        "scraper": 2,
        "x_path": "title",
        "reg_exp": "",
        "request_page_type": "MP",
        "use_default_procs": true,
        "processors": "",
        "proc_ctxt": "",
        "mandatory": true
    }
},
{
    "model": "dynamic_scraper.scraperelem",
    "pk": 9,
    "fields": {
        "scraped_obj_attr": 4,
        "scraper": 2,
        "x_path": "url",
        "reg_exp": "",
        "request_page_type": "MP",
        "use_default_procs": true,
        "processors": "",
        "proc_ctxt": "",
        "mandatory": true
    }
},
{
    "model": "dynamic_scraper.schedulerruntime",
    "pk": 1,
    "fields": {
        "runtime_type": "S",
        "next_action_time": "2016-01-29T06:31:16.425",
        "next_action_factor": 3.502,
        "num_zero_actions": 0
    }
},
{
    "model": "dynamic_scraper.schedulerruntime",
    "pk": 36,
    "fields": {
        "runtime_type": "C",
        "next_action_time": "2015-11-28T04:18:55.164",
        "next_action_factor": 0.769,
        "num_zero_actions": 0
    }
},
{
    "model": "open_news.newswebsite",
    "pk": 1,
    "fields": {
        "name": "Wikinews",
        "url": "http://en.wikinews.org/wiki/Main_Page",
        "scraper": 1,
        "scraper_runtime": 1
    }
},
{
    "model": "open_news.newswebsite",
    "pk": 2,
    "fields": {
        "name": "US Department of Justice - Press Releases",
        "url": "http://www.justice.gov/api/v1/blog_entries.json?amp%3Bpagesize=2",
        "scraper": 2,
        "scraper_runtime": null
    }
}
]
